{
    "type": "minecraft:crafting_shapeless",
    "ingredients": [
        {
            "item": "minecraft:wooden_pickaxe"
        },
        {
            "item": "minecraft:diamond"
        },
        {
            "item": "minecraft:glow_lichen"
        },
        {
            "item": "minecraft:potion"
        },
        {
            "item": "minecraft:nether_wart"
        },
        {
            "item": "minecraft:blaze_powder"
        },
        {
            "item": "minecraft:sugar"
        }
    ],
    "result": {
        "item": "minecraft:knowledge_book",
        "count": 1
    }
}